delta,prods
-2.37540452253968,1
-3.3848868204200757,2
-3.4347955715247047,3
-2.4291452961528224,4
-2.5822436704274936,5
-3.8512742106961184,6
-2.922759885448472,7
-5.165534350566023,8
-3.7616864816898703,9
-4.177156608712253,10
-3.391267879398632,11
-4.4513251943411065,12
-5.934613372931736,13
-4.41512066107242,14
-3.979265669497688,15
-2.970515094617504,16
-3.431762586578776,17
-1.519983414929024,18
-4.817949855994436,19
-4.384632825455398,20
-3.961323566798509,21
-1.3619654254895313,22
-4.494821043965571,23
-3.3047443779099854,24
-4.345218620914932,25
-2.188631337966642,26
-3.223234993033673,27
-3.0006670467245073,28
-4.349263736757472,29
-3.3121246817967807,30
-3.400588799800776,31
-2.9656644022923766,32
-5.794428410843005,33
-5.715499414710727,34
-4.89379778119061,35
-3.9375955107157035,36
-3.0266010109014045,37
-1.0370940910341577,38
-4.137907459660456,39
-2.254491997535881,40
-4.678943136728026,41
-3.56252435831723,42
-3.4761682581644897,43
-3.0543974728896583,44
-3.4706008023673993,45
-3.0340716793410043,46
-4.417591223009958,47
-2.989157626777163,48
-4.376028212870845,49
-3.2583519498430076,50
-5.170953501611229,51
-6.02082103815205,52
-5.9247853613404455,53
-3.5463648174581595,54
-4.336157375196679,55
-3.223283249861613,56
-5.667139677611696,57
-5.046642537422645,58
-3.702159955471681,59
-2.9883716147681447,60
-3.807772280948146,61
-4.909133692921639,62
-4.504778645865706,63
-6.394567515731561,64
-4.3620157058211895,65
-5.585887885566495,66
-5.235371542430803,67
-4.834870586682732,68
-5.777953381385578,69
-4.339745855881595,70
-4.61225788854686,71
-5.979384026881734,72
-4.92361590532943,73
-4.080142841902337,74
-5.164902491072883,75
-2.198354350596336,76
-2.492903062013614,77
-2.108331322565521,78
-1.8528493607535967,79
-1.0709636895773358,80
-3.6384470343765036,81
-2.2095353074486668,82
-3.554653582571811,83
-2.5587119662817193,84
-4.619049470002963,85
-3.336450407267619,86
-5.37947451761882,87
-5.67295259022452,88
-5.643092618763536,89
-4.55375742755053,90
-4.550761251519781,91
-4.126169424895038,92
-2.4508654245836206,93
-1.7346690299647824,94
-1.827639028780458,95
-4.402207799358529,96
-5.27220682521255,97
-5.753216930216021,98
-6.970088280574106,99
-7.372537488926394,100
-5.2407440973313735,101
-4.7582181088188715,102
-5.828536519874586,103
-2.99916385696359,104
-2.6032428073055884,105
-3.6997735504547373,106
-5.154385516438302,107
-5.132478832633783,108
-5.779689724306703,109
-5.851153175380935,110
-6.77110145544239,111
-4.974578147446039,112
-6.403912780548551,113
-4.932330876480575,114
-5.153520109872926,115
-5.770631042574986,116
-5.4681080553529,117
-5.238403761557287,118
-5.132019013596772,119
-6.063258695590946,120
-0.6021558479240487,121
-0.7963731489639068,122
-2.1004890545064523,123
-3.1722767707434203,124
-2.1695835503720757,125
-3.361378047636583,126
-3.9726671174981636,127
-3.493624969150929,128
-2.7907862533424757,129
-6.506441131723461,130
-3.073999143860767,131
-3.299973119687528,132
-2.868229323630372,133
-2.38102890768263,134
-2.8986926049626645,135
-3.2826429160530073,136
-3.732403594663441,137
-4.728711308925809,138
-4.351115782300332,139
-3.3363211650637137,140
-4.261184013787701,141
-4.3901899847230235,142
-4.626388950237412,143
-3.3351226149177493,144
-4.698089387656721,145
-3.638512182426986,146
-5.897615872940519,147
-8.058184546205316,148
-2.323066662327056,149
-3.553212090780882,150
-1.7327032238083693,151
-5.779305068693388,152
-6.21439695021165,153
-8.404852343564741,154
-4.773314187938518,155
-6.543896666882278,156
-5.136024622356515,157
-4.9040339682218015,158
-3.888013326750702,159
-4.771513812328577,160
-6.273742777014508,161
-6.276480203958896,162
-3.550020856039306,163
-4.717404492091314,164
-4.264484589998404,165
-3.4282836150319955,166
-1.2891430120182306,167
-2.501189000623938,168
-2.3297630522519435,169
-1.9676739632733966,170
-2.1072888158499667,171
-1.7981909439746238,172
-2.5630005345647526,173
-3.804265987810687,174
-4.873960311265502,175
-3.3916338549140126,176
-2.9795338617694798,177
-3.410503944118402,178
-3.959734032287902,179
-3.774699254426445,180
-3.3479921247635533,181
-2.062301938692721,182
-0.3362150067905745,183
-1.9654764634295714,184
-1.9111127955512606,185
-1.7339176190838494,186
-1.5596234701305485,187
-0.8504350077339815,188
-2.7440289608037842,189
-3.406127136578841,190
-3.1296383480172634,191
-2.299765205100499,192
-1.672742372712368,193
-1.1619374649510132,194
-2.91809454625979,195
-2.0549141732194105,196
-2.9025123631551772,197
-2.3937535702476573,198
-2.0592645329056136,199
-2.4059190872285128,200
-2.0162158288296754,201
-2.36438029120863,202
-2.3671481825696765,203
-1.816479910841541,204
-0.7428719057855109,205
-0.2057184391143898,206
-5.5501838081927835,207
-8.147047012494054,208
-5.286971261090955,209
-4.615890511260588,210
-5.660427706666124,211
-3.5798220731395007,212
-6.8449788622904775,213
-7.098868951260832,214
-8.864838014103748,215
-7.641876834592492,216
-5.716601046562385,217
-7.54446418057458,218
-4.3650121036268015,219
-5.0396809719853195,220
-8.170384198334476,221
-5.401537461235654,222
-4.723028173589597,223
-5.330466173893058,224
-5.84699864764089,225
-3.6897466361479094,226
-5.356934070880185,227
-3.766826671540121,228
-4.449247158634997,229
-5.580893443192731,230
-2.976818228551141,231
-6.530123457692128,232
-8.078588001923535,233
-5.150522027087304,234
-8.14308657678129,235
-4.700945479453506,236
-4.45237848089649,237
-8.356649616243578,238
-7.44318434601592,239
-6.2614647884281665,240
-1.8727545880507024,241
-0.22289279927802563,242
-0.9943262446357295,243
-1.583006082798001,244
-0.41457490144985965,245
-0.43397181216563396,246
-0.20599236374615937,247
-0.38418189805051006,248
0.4001460499791838,249
0.14328276721102884,250
-0.11720212935592378,251
-0.30355949173985053,252
-0.984107093768626,253
-1.102198634221883,254
-1.0836667644289255,255
-1.3368035611444604,256
-1.072600859949533,257
-1.160965143603777,258
-1.3070777176627764,259
-1.6439450721381572,260
-0.8026757617151383,261
-1.0581616042818327,262
-0.915023375802209,263
-1.7279168748024873,264
-1.488019993820978,265
-3.273524299118044,266
-2.8358457213321646,267
-3.6757540838008165,268
-2.9559625363078394,269
-0.4375527845409184,270
-1.2613181026356024,271
-1.2160737324826187,272
-0.385754370915,273
-0.3400370651180733,274
-0.30030683874151576,275
-0.19803466675469306,276
-0.21334595717205196,277
-0.0582918350023971,278
-0.4760650701437763,279
-0.8251289866170723,280
-1.6267873360346004,281
-1.2236550554763075,282
-0.7963224436559606,283
-2.099364870311789,284
-1.0652636830866378,285
-3.5327466914815115,286
-1.8555141281890601,287
-2.428913482811012,288
-3.085169249110783,289
-0.6129112087617785,290
-1.1785411939859158,291
-2.1979243085552493,292
-2.7007530067426617,293
-2.92297424328174,294
-2.4261365009261264,295
-2.0969865114804445,296
-2.258979451627384,297
-2.2233181447653494,298
-1.9637593370324948,299
-2.0366196281836553,300
-1.9320961132518608,301
-2.3082860382804395,302
-2.447257232505897,303
-2.584535709028675,304
-1.8552527487465666,305
-1.7687000626768348,306
-2.229125279513375,307
-0.9785505893058781,308
-1.1592716999489505,309
-1.2191924881631888,310
-1.2847756051424368,311
-1.3247145269564802,312
-2.599934533053967,313
-1.7206446752307603,314
-1.7329732568243346,315
-2.210000852458498,316
-1.8976330288861964,317
-0.8311470923199915,318
-0.9594763618275632,319
-0.8490625364034792,320
-1.0095392808519297,321
-1.1419944891221943,322
-1.5450225088867648,323
-1.6112592405208985,324
-2.503010564993455,325
-1.292902224474982,326
-1.19802743745553,327
-1.77924418016555,328
-1.8139716182619983,329
-1.7390550722004936,330
-2.6212636180561737,331
-1.3262975341812349,332
-1.1532421873568048,333
-1.5575527977115622,334
-1.346694846228125,335
-2.5965808200361074,336
-0.982033890124949,337
-1.7863611351903605,338
-2.8339800452763795,339
-1.523407208054114,340
-1.9409411448598535,341
-2.0340997183080285,342
-1.3719602289692656,343
-1.4350185223975098,344
-2.342937280758547,345
-2.052233542091994,346
-3.2175807319295604,347
-1.6990724862281654,348
-1.9806528183790264,349
-2.6203082208694433,350
-2.033473352458314,351
-2.331508978126105,352
-2.922294797341662,353
-2.0939646543215495,354
-2.683018114700422,355
-2.1564755842204333,356
-2.2571382423864175,357
-3.918800297484682,358
-1.8701449906633103,359
-2.7491810181930814,360
-3.383718487974498,361
-2.362941988164655,362
-3.3554955038628425,363
-2.543467763537307,364
-2.3732797899710336,365
-1.956764549095027,366
-1.4786120540557306,367
-1.6818418752071738,368
-2.793276684646737,369
-0.8656136311275375,370
-1.023685175700272,371
-2.1388616407582943,372
-1.6177709531955509,373
-1.8331019555843076,374
-2.688589488990021,375
-1.2406547275834237,376
-0.6867481992278199,377
-1.1278839722246017,378
-1.2698985456202274,379
-2.589109721073589,380
-0.6954409175964567,381
-1.629632166343102,382
-3.176611387302111,383
-1.1951868677476132,384
-1.831894513261174,385
-1.9590104803112185,386
-1.5625660262016254,387
-1.1404593558875629,388
-1.1023446691739434,389
-1.6981667414888038,390
-1.5093963176878011,391
-2.241172804059346,392
-1.7624006595437276,393
-1.4825136720081198,394
-2.4329718145734285,395
-1.6227082784845708,396
-1.9647456508254169,397
-0.9914963595290263,398
-1.8440314773827016,399
-0.8968151174067391,400
-1.687326094078544,401
-1.4994857921754374,402
-1.8392350619476172,403
-1.6564984960638816,404
-1.1760265975627964,405
-2.008477662252802,406
-1.3611736401459567,407
-2.6784602892348546,408
-0.8314140973243536,409
-1.1670732370669215,410
-4.077376620306152,411
-4.25180368717205,412
-3.663523926910919,413
-4.59431076510489,414
-3.5016090099676673,415
-3.761427372043972,416
-4.6614033163038835,417
-3.750440542652544,418
-3.5866832833548004,419
-3.185535217240038,420
-0.8345974490304473,421
-1.241758377178417,422
-1.210687832444267,423
-2.0789269219362065,424
-1.0438794638881315,425
-1.3285607812028943,426
-2.2190299488731955,427
-1.6057316226775873,428
-1.259899431399937,429
-0.8708161043655425,430
-1.9141902468903842,431
-0.29717331166632843,432
-0.22676989009718884,433
0.21203536702141146,434
-0.4131562106554041,435
-0.006931933455287531,436
1.0577792882698527,437
-0.4134243105196713,438
-0.08590445831894189,439
0.28933454314896356,440
-0.4754853057656163,441
-0.32111262155266274,442
0.06286627607944917,443
0.4557987385832385,444
-0.3384653799074391,445
0.3630394064556659,446
0.28683599569806617,447
0.5473046132924604,448
-0.0828882401462736,449
0.5898123742136581,450
0.43782880869553176,451
0.021589312889435774,452
-0.15672426815516616,453
-1.5027222161683391,454
-1.377369491527257,455
-1.4362476678450027,456
-1.7240316876569746,457
-1.6600054521605818,458
-1.3487535376736308,459
-1.4424631379992339,460
-1.595792272437408,461
-1.3148426795839305,462
-1.8531348134316667,463
-1.2085602631537262,464
-3.9515366382824615,465
-3.127434230689081,466
-4.445441776799776,467
-1.3969349074098134,468
-3.5069141203836747,469
-3.5347462569320207,470
-3.9794895615920405,471
-2.5397977494199866,472
-2.1963974642306088,473
0.10061968657632936,474
0.2895781676027156,475
0.4013623211741504,476
0.27242218963738263,477
0.3386238187583366,478
0.5960390794402732,479
-0.12605031567329283,480
0.26705547158792764,481
0.6170279824014151,482
0.3205418537891269,483
-0.29122421349198735,484
0.2950495740372068,485
-0.07062193344051648,486
1.01092056311518,487
0.37079441477713937,488
0.9642438323454081,489
0.8134904017332116,490
0.9941685825518256,491
1.127643318419256,492
0.7110700880036418,493
-0.22156111066515072,494
0.14413814380868617,495
0.8094611193342689,496
0.1880331325771265,497
0.09382102587497743,498
0.16017150948988856,499
-0.07143058147960701,500
-0.1848281230265667,501
0.1834392347228846,502
0.013553381519606278,503
0.23583279140809998,504
-2.080732346035939,505
-1.0717673196110935,506
-1.6817690686932698,507
-7.19186748268781,508
-3.467822489378832,509
-2.463712174688308,510
-6.1159936279407,511
-5.2268929323511975,512
-4.730696811994357,513
-6.507500000976271,514
-2.6200949095016046,515
-4.014736511865831,516
-5.907770555791125,517
-1.460378590995178,518
-1.8332015593522373,519
-3.674877772964096,520
-3.469418237793382,521
-1.9012045244457711,522
-2.544054187993312,523
-0.683065356009779,524
-0.7126564664270341,525
-0.7803735556737341,526
-0.8036223314657733,527
-1.0606729894986544,528
-1.009581879905743,529
-0.8739084606590197,530
-1.2654928179985496,531
-1.3031479546603362,532
-1.0267567241612872,533
-1.3748824968429765,534
-1.1280486830991172,535
-1.9721361190213513,536
-2.2591483439320554,537
-1.6523036598466163,538
-1.8655742255320007,539
-1.4637927567483877,540
-1.3353275441811823,541
-1.5277431561033903,542
-1.3800053623149822,543
-5.942382771373622,544
-5.0077936397094085,545
-4.1302296721136855,546
-5.745212052164885,547
-7.281295665746183,548
-6.188234473575719,549
-5.879290682461947,550
-4.750360571910187,551
-3.382174814843774,552
-6.065614342423098,553
-4.143918379775221,554
-5.07165170195847,555
-4.035377653534236,556
-3.7185062128793014,557
-2.2522656524227735,558
-4.49861690154923,559
-4.781838554393433,560
-4.857313778875804,561
-5.088061731856645,562
-3.61201880093497,563
-5.342335469052997,564
-0.4723455803487677,565
-0.6017059810556855,566
-1.4105629655782872,567
0.4036680108638868,568
-4.205501329261498,569
-2.1529694901633136,570
-1.1575911664239005,571
-2.360788558323076,572
-2.1335988074826897,573
-1.3199376128496607,574
-1.3716581926621956,575
-1.4346559158282104,576
-3.7898815083953847,577
-2.030232414848786,578
-2.0471983189550724,579
-0.636878309337779,580
-1.5406030242160127,581
-1.3482844671306804,582
-1.2954239169791575,583
-0.66416769250303,584
-2.5037877975380227,585
-0.5491864996237648,586
-2.4486446302252753,587
-1.2723869793803508,588
-2.8408340408161563,589
-2.66416404336181,590
-1.279052966181097,591
-4.080815246688773,592
-4.5003747479617635,593
-3.530478588689209,594
-2.606829624689926,595
-2.79071239076235,596
-2.853158304247957,597
-2.6396358941818074,598
-2.3786389737893026,599
-2.5733759090998958,600
-2.160733930762626,601
-2.6600242660320657,602
1.0424217096379937,603
1.0286135397699123,604
1.2198064268338156,605
0.9861674920201955,606
1.1945737429990047,607
0.7007640125029897,608
1.3855355108976977,609
-0.054064254111875876,610
-0.3767476837041168,611
-0.6863527174385298,612
-0.0393522169752778,613
-0.1275738330070162,614
-0.7973074717193422,615
-1.6883099899998086,616
0.92950436660813,617
0.504119609743348,618
1.0759662814403963,619
0.6977491396028292,620
1.468046370786015,621
0.45628963663517386,622
1.3338682353541975,623
0.12591815227302616,624
0.3907360871829264,625
-1.6162998960539934,626
-1.2062425868806184,627
-0.18284279859064334,628
-0.17272293630275426,629
-5.823932141340197,630
-1.5752524739976117,631
-1.153807656645581,632
-2.3246907612969157,633
-1.2177144911595077,634
-4.785194299365545,635
-3.5235868703405275,636
-2.7946135520453774,637
-2.6735680029245263,638
-2.7020020925454467,639
-1.1910881513063916,640
-2.1418778565734424,641
-1.6439794788751274,642
-0.7783713680078452,643
-2.965700144463824,644
-1.0033606291811907,645
-1.1451446325393757,646
-0.6719522224735837,647
-2.3164115476323213,648
-4.383061710079616,649
-3.9810125880166134,650
-8.30168015030486,651
-5.7220760495449,652
-4.726035178839053,653
-5.136599094580952,654
-7.967708467430984,655
-3.3735478257165568,656
-5.494478031810447,657
-2.6366807595251673,658
-5.830980185423224,659
-2.592235048407599,660
-5.483507610935548,661
-5.116814079570693,662
-3.693557480497433,663
-3.5097578419503455,664
-1.183941163457361,665
-3.0307497509061365,666
-1.5354459795911484,667
-1.729270415097004,668
-0.5474049608004306,669
-3.5284400271442133,670
-4.866146334523732,671
-2.906292368707426,672
-4.909364771447423,673
-4.0396642479872495,674
-2.939052120450107,675
-3.1897244266818854,676
-2.4799386326740374,677
-2.100941343027298,678
-3.7729889579557505,679
-2.850586695654071,680
-3.0769069029150717,681
-2.6865012715625283,682
-5.954902531443127,683
-6.364762447935226,684
-4.9417766712398,685
-4.7174198160925025,686
-4.492529566977569,687
-6.595408885111213,688
-4.523945467378837,689
-4.294388660954896,690
-2.143099274805554,691
-2.7798592366671873,692
-0.2910510970371354,693
-2.9295181285354235,694
-2.4189653133027527,695
-1.6396231959567515,696
-1.8260873559197015,697
0.8874604369470629,698
-1.2700497841785054,699
-2.4153780369943814,700
-3.0622672197685135,701
-3.0283789330449116,702
-2.3382986092444336,703
-2.4914911911313693,704
-1.0355388345492627,705
-3.551211854145632,706
-2.1008324626819945,707
-3.625324096448203,708
-3.852136605627153,709
-2.915981136584934,710
-5.2821800099671075,711
-3.063792453557798,712
-2.8172821250304163,713
-2.493484718632649,714
-4.093352098910774,715
-2.8248628019855726,716
-4.351560441944482,717
-4.442304973254191,718
-3.511791883327737,719
-5.178296211992644,720
-2.9228679827132917,721
-2.6433806024367437,722
-3.285644493369017,723
-2.7005809836901293,724
-1.8683519844817407,725
-2.4772423190025994,726
-4.009944746812415,727
-1.661615656988316,728
-4.485180028342774,729
-2.95559531579403,730
-2.930337229626328,731
-6.924099098605362,732
-2.868000783013027,733
-5.4398566618725495,734
-4.399903383395194,735
-5.621694224205307,736
-5.34683132233925,737
-3.190882299043435,738
-3.6022502353167347,739
-4.370075446513546,740
-3.3345080241206815,741
-4.21751362251091,742
-3.4456997971118892,743
-2.5807755165526776,744
-4.785030232771343,745
-3.417392566034255,746
-4.123694754240394,747
-1.6538170204194587,748
-3.1292032045268487,749
-4.786414246245539,750
-2.9327283622897116,751
-2.4070731850107254,752
-2.6829413550455494,753
-3.678432276967839,754
-4.301839352492797,755
-2.2412011492234023,756
-3.8653660821560196,757
-1.0743572910862076,758
-1.1562076724348649,759
-2.903334501743741,760
-1.2547026520958293,761
-1.0526488942032928,762
-2.2807317210127254,763
-1.1593665725065878,764
-1.1913748176923837,765
-1.5532416245340568,766
-5.167185498320024,767
-1.2518772656966202,768
-2.2358824456391644,769
-3.4201676062645125,770
-5.652874213461108,771
-4.194536133090429,772
-3.5512627997399844,773
-2.3148672084746593,774
-2.8143690822701997,775
-2.5568548350271953,776
-2.5205264032020622,777
-2.9740486128286916,778
-2.537470629910795,779
-2.8847071376791615,780
-3.3454882458276702,781
-1.9329258786190566,782
-3.6603635156900376,783
-1.911739678988921,784
-3.3581699992176657,785
-4.190272416275119,786
-3.027104841088779,787
-4.048468646564683,788
-3.3783106040878113,789
-3.2124419080086586,790
-2.810070367186624,791
-2.9295763135375226,792
-4.01663452951799,793
-2.9222662640657204,794
-5.294903606547484,795
-4.605388270423697,796
-3.9093999210912687,797
-3.9943221553694177,798
-3.602096076817195,799
-2.521097635706889,800
-6.045030366654034,801
-4.803106683255978,802
-3.981395101498475,803
-3.9627578768698806,804
-4.057335750413899,805
-4.119851450138623,806
-5.378773829961464,807
-3.7007866891490364,808
-3.784336015989274,809
-3.6320514812258113,810
-4.50574304061257,811
-4.0962617178183125,812
-3.8851918440080446,813
-3.117022199976629,814
-3.6915795516117678,815
-3.0620435468255565,816
-3.0967923929551793,817
-3.1484531843362005,818
-3.42305105073614,819
-6.714817137277292,820
-3.9948420747853963,821
-4.819697505843112,822
-4.19314336120721,823
-2.5405637787506747,824
-3.900803212179886,825
-3.9849593093952245,826
-5.386717168677187,827
-5.638993868271803,828
-3.8803857906440657,829
-4.296629044359817,830
-3.3058953799951882,831
-3.8219939034819657,832
-4.293803651889414,833
-3.9707183265044046,834
-3.0634772059788626,835
-2.6909420776223913,836
-2.7492679741095887,837
-3.3299711753799683,838
-2.1752929151618225,839
-2.4067947029265606,840
-2.9255609650142094,841
-1.616198738326749,842
-3.4505056767067033,843
-2.7191798903103996,844
-1.7234637879667736,845
-1.4057124295634176,846
-1.3441157246649922,847
-1.9002669904753708,848
-4.720840118461231,849
-4.1912277150882415,850
-3.975638313865593,851
-2.8135986852307338,852
-1.75106549010949,853
-2.5416416034948806,854
-2.7467682679883443,855
-2.3282942854145428,856
-1.4530039215417645,857
-2.4455803021717206,858
-2.9202955021924035,859
-2.818144373097322,860
-2.245748320353106,861
-2.066870024078107,862
-3.227835069295613,863
-2.317983943642209,864
-1.6903091432748383,865
-3.755331943094159,866
-5.107888894481436,867
-1.8265186867457892,868
-4.552879267967216,869
-5.309661831309963,870
-4.405306079148099,871
-4.664523725127658,872
-1.896098948152063,873
-2.2201743486605277,874
-3.2601433019820987,875
-2.00200286254489,876
-3.99041228165544,877
-2.1519418741246,878
-3.1163154992365754,879
-2.032486781387244,880
-3.829375011546002,881
-2.2191489738454737,882
-2.4526798738940285,883
-2.3373687258348252,884
-2.3044331285394377,885
-1.544401891899331,886
-2.6181155627492427,887
-2.5382273878504824,888
-2.9479951553535053,889
-2.538105563334556,890
-3.1335439014248614,891
-4.609478110339191,892
-3.0341077640631293,893
-4.570167364999661,894
-2.490762536449383,895
-3.573900523643687,896
-2.6977114969293714,897
-4.403317361919886,898
-3.307401342839876,899
-4.602688265331288,900
-3.3274983449848863,901
-3.8384082558389365,902
-3.156125313196652,903
-4.73579993283689,904
-3.2632093055805207,905
-4.24787620499157,906
-3.1242540010197795,907
-4.102929856494148,908
-3.371846040804715,909
-4.346324543409173,910
-5.5117579011352,911
-4.093763838358802,912
-4.528761923929529,913
-4.850505580940853,914
-3.135864137159871,915
-5.319600399943983,916
-4.552094375112676,917
-4.933279780861616,918
-4.015829669256827,919
-4.213291521267729,920
-3.4160820796341578,921
-2.351437791819664,922
-2.702657541698466,923
-3.1497707056169926,924
-2.5349999546118775,925
-2.776507515461442,926
-3.7284700417199934,927
-2.8736162067626783,928
-2.928278917947459,929
-2.0722634377789944,930
-2.9284848598440547,931
-3.0716840604562887,932
-4.212085940936293,933
-3.5076039764425513,934
-2.523960715121071,935
-2.406002976143928,936
-3.716982353334155,937
-3.6047036974490787,938
-3.77162562064782,939
-1.9948815608204895,940
-2.1903057110480098,941
-1.987417484525507,942
-1.232982334838062,943
-3.012135539545834,944
-2.5557754198400584,945
-2.535142760160392,946
-2.5133619296054603,947
-2.0641787423624303,948
-2.181152414362453,949
-2.717264731437661,950
-1.4075585038157552,951
-0.5182302647626267,952
-0.4254172448832474,953
-0.6107647329524153,954
-0.07027289152170568,955
-0.4307242097763688,956
-2.077804023701748,957
-1.457601625964811,958
-1.2595680081211307,959
-1.4512287114514515,960
-0.7250942472812358,961
-1.5507844818618084,962
-2.308511752893399,963
-0.5874947349975712,964
-0.7874001104181847,965
-0.7415728194693401,966
-0.25314771429675864,967
-0.816019726828233,968
-0.7985824875926499,969
0.5748933402944747,970
0.5696684380990402,971
-0.6244214144652305,972
-1.4532141478992986,973
-0.05471835798271796,974
-0.18742100356387503,975
-0.5085827588704017,976
-0.7713501187670184,977
-0.5053006955441486,978
-1.2109671213556652,979
-0.9709725002473912,980
-0.17884308411166083,981
0.5081230164394697,982
0.34469502126995843,983
-0.33011214992827487,984
-0.45784576288322,985
-0.5493159802244802,986
-0.5717668429728902,987
-2.394195065274952,988
-1.3760707132879504,989
-1.4089415332293402,990
-0.7028021301963838,991
-0.9121958501034837,992
-1.6135915891391082,993
-3.4402827413217727,994
-3.269975932295335,995
-1.7086975307167065,996
-1.982347338901861,997
-2.8480349151030944,998
-2.366592914085442,999
-2.4084338448457885,1000
-1.8221561809893796,1001
-2.136122254872765,1002
-2.34086626167553,1003
-2.7348574047066587,1004
-0.35371281123271525,1005
-0.4998436976275489,1006
-0.5639463377776359,1007
-1.861466589042187,1008
-1.112548512679325,1009
-0.9013033648175961,1010
-0.5777078876747526,1011
-0.6692145633205886,1012
-0.8834783662827994,1013
-5.0725411973309695,1014
-4.063488821756526,1015
-3.280509434530751,1016
-5.055604378807219,1017
-3.967221437475116,1018
-5.307102506512649,1019
-5.963341342197872,1020
-5.274084180552476,1021
-4.426333204347197,1022
-4.334791615030863,1023
-4.731693949448976,1024
-8.513474467485741,1025
-9.256736695031908,1026
-4.355539088375077,1027
-5.08439640744828,1028
-4.683058599512846,1029
-2.3018375154671027,1030
-3.0939273436617225,1031
-4.134592413658796,1032
-3.208965772291991,1033
-7.2439135961105645,1034
-6.665185528527331,1035
-8.176414645964584,1036
-5.98797213184904,1037
-6.12132648267739,1038
-6.704043032671118,1039
-3.389223443455932,1040
-4.473563838826643,1041
-3.675718210091595,1042
-1.1497059937749294,1043
-0.8342197237657292,1044
-0.7124755166548629,1045
-2.0584812071768672,1046
-4.268401863515694,1047
0.003763059149064496,1048
-0.2989426811234306,1049
-2.480855855180731,1050
-3.124961802513835,1051
-2.8264679671342128,1052
-5.867567036912113,1053
-1.487384288706696,1054
-1.1824649779317546,1055
-1.742362187098733,1056
-0.9826829534892569,1057
-1.561017785511699,1058
-2.31530047621113,1059
-5.055079481133646,1060
-0.5625814070341213,1061
-0.18057957822727588,1062
-2.1585112826927273,1063
-1.9089825431161256,1064
-1.6487823496241836,1065
-1.8967917797559841,1066
-1.7273090474457085,1067
-5.641682238056582,1068
-4.069203809298208,1069
-2.1886262783739965,1070
-2.646779585234601,1071
-2.3545040693405643,1072
-2.423606586620582,1073
-1.8402772568377013,1074
-2.807436186917415,1075
-1.2687632404624043,1076
-1.8221056047683368,1077
-1.2248692145387916,1078
-5.164678835335407,1079
-3.0239177185321995,1080
-3.7770383682572573,1081
-2.636952352522787,1082
-3.696428686918778,1083
-2.41640596079691,1084
-3.756398854343259,1085
-3.0109956908188593,1086
-3.338275993929382,1087
-5.133299549912059,1088
-3.497374484555193,1089
-3.828985187948676,1090
-3.6696233002208403,1091
-3.9971397169487917,1092
-3.74968138262788,1093
-1.794204279957837,1094
-2.162388426690282,1095
-1.9487423156244765,1096
-2.8461443898965317,1097
-0.838704714995655,1098
-0.8195351105202051,1099
-0.14540694552141664,1100
-1.4363529989823256,1101
-2.1373090361577054,1102
-2.628198352570546,1103
-1.0451343460425564,1104
-1.4499878948986562,1105
-0.9314873899228782,1106
-3.216796918281935,1107
-2.1082786653417647,1108
-3.270317168420124,1109
-2.683048756108603,1110
-2.665432332747185,1111
-3.061949931688908,1112
-4.197017398680263,1113
-4.702885004129706,1114
-3.22505395956396,1115
-3.882619789335836,1116
-4.489745368093519,1117
-4.489774510104223,1118
-5.1435372242905935,1119
-2.590324890620912,1120
-1.6145533347231664,1121
-3.4076800792869943,1122
-2.805124157364028,1123
-2.697833724334524,1124
-3.3627097251762583,1125
-1.0030245203097254,1126
-0.8757128488204176,1127
-0.3556646894763902,1128
-0.16050079208335122,1129
-3.697340072807792,1130
-0.9259578569214275,1131
-1.265277445854048,1132
-0.642344557395393,1133
-0.4743037158568377,1134
-4.2836437968732906,1135
-3.8878368876700864,1136
-3.116965099533115,1137
-4.951594171523317,1138
-3.046658667927913,1139
-3.1389409541235103,1140
-3.5357639486705414,1141
-0.898632608017258,1142
-0.769998986706002,1143
0.0059217389880803495,1144
-0.35602565863854707,1145
-3.9070243272284317,1146
-1.1389147658449343,1147
-1.2034009883478767,1148
-0.9128459567312568,1149
-0.477474791057531,1150
-4.087869890146416,1151
-2.8681864025377517,1152
-2.9517802171390772,1153
-3.26450585205609,1154
-2.4986722517742774,1155
-3.746972288082224,1156
-4.620149288054662,1157
-2.8072264655248675,1158
-3.7713616687039955,1159
-3.3661135766206165,1160
-2.3757672628221917,1161
-2.1811174143209775,1162
-2.571541360039097,1163
-3.6731340313296155,1164
-2.2294166385218017,1165
-1.8771620754221146,1166
-0.11662359193256333,1167
-1.0347018177763454,1168
-0.9872510730916182,1169
-2.0975128155649503,1170
-2.4213261635527674,1171
-0.6575772525927559,1172
-2.983625313771889,1173
-2.541976588047865,1174
-3.166888685513201,1175
-3.8965301661905083,1176
-3.028024196260916,1177
-3.1976347762271873,1178
-3.0983312074182088,1179
-2.8737769934481965,1180
-3.3655902070597423,1181
-2.6757842562487326,1182
-2.338115640353256,1183
-2.760894377570042,1184
-3.410042542381109,1185
-2.709101630934261,1186
-1.6373102698345225,1187
-2.621057280384687,1188
-1.5535225177150012,1189
-1.534470205237461,1190
-2.389094769906456,1191
-2.049800661569249,1192
-1.620371605616144,1193
-1.577844386158067,1194
-1.3537151218910086,1195
-1.7741752401815694,1196
-2.0016509940769036,1197
-1.8329107252223915,1198
-2.6556132936018053,1199
-2.2774119220848856,1200
-1.5415753010982054,1201
-1.740055652466944,1202
-2.150193413336593,1203
-1.811051530772779,1204
-2.5722023021849565,1205
-2.327130315639477,1206
-7.762131725687404,1207
-2.3492263004855407,1208
-2.6182751135712867,1209
-2.545697570536389,1210
-4.693085602023678,1211
-3.7614145772819993,1212
-2.7771820564321463,1213
-5.142401425412982,1214
-4.042543713465233,1215
-7.0199166208250725,1216
-4.517395118149972,1217
-6.463230697886428,1218
-8.251257012222121,1219
-3.0208692331679896,1220
-4.303008110063411,1221
-3.962581768530867,1222
-5.54883334989335,1223
-4.612465290997583,1224
-4.099456897799991,1225
-5.292303867833508,1226
-7.491011065896171,1227
-1.757430366479019,1228
-2.1624506834710884,1229
-2.4414398265420094,1230
-4.425368837596628,1231
-3.3393617931542954,1232
-1.7862943792153136,1233
-4.089047583631554,1234
-2.9781903616410044,1235
-2.9443606619890965,1236
-2.5915224910758865,1237
-2.626697943106292,1238
-2.838015996397712,1239
-2.893041202542573,1240
-2.238213089185078,1241
-3.056381480753085,1242
-3.6727979429072235,1243
-2.7013994337298874,1244
-2.7122896269699273,1245
-2.079810993605766,1246
-1.74791021431525,1247
-2.0037465937869428,1248
-3.0852775939387653,1249
-0.9933633292188624,1250
-0.6430016050468077,1251
-0.8683104272285549,1252
-0.48470712142097616,1253
-1.1418813286415794,1254
-1.8344384897239738,1255
-4.414745219965885,1256
-5.513231265777383,1257
-4.896947799419131,1258
-4.767775207408658,1259
-5.962804319904266,1260
-3.8703778183971154,1261
-2.2998123292342245,1262
-2.5548774885846486,1263
-6.438314258923556,1264
-4.771255655030091,1265
-5.904482513383711,1266
-4.848687780319927,1267
-4.593591653144948,1268
-3.602617581884038,1269
-5.367702655029886,1270
-2.6932732887848436,1271
-6.219798255123466,1272
-3.668391376519002,1273
-1.409751359183224,1274
-4.690519421060159,1275
-3.587006653895971,1276
-4.26918689033431,1277
-3.304109361620863,1278
-3.225035020063175,1279
-1.914028041512211,1280
-2.0521271719363625,1281
-5.189029415416595,1282
-2.462635847135657,1283
-1.7494197050245028,1284
-4.082586547480323,1285
-2.4794621311658607,1286
-3.1484784306045492,1287
-1.755025512052947,1288
-2.254885265202294,1289
-3.0741059278195486,1290
-5.001971575874921,1291
-4.817589580210581,1292
-3.6971514565824357,1293
-5.42950088577721,1294
-5.9599380486248945,1295
-5.115890952322515,1296
-5.239371922349876,1297
-5.582547103724796,1298
-4.596679346234449,1299
-6.231493040758483,1300
-5.060327574378763,1301
-3.7633065875054204,1302
-4.587003511868115,1303
-4.462170376500458,1304
-4.904428048816702,1305
-6.16876160360971,1306
-4.1851193259628054,1307
-5.199612799515632,1308
-4.524279060931052,1309
-4.950992473724591,1310
-4.4099285039112965,1311
-2.479750900472914,1312
-4.660312154665263,1313
-6.160242846711617,1314
-4.1518703635404846,1315
-6.326890116250561,1316
-5.584285390564698,1317
-4.589163930621575,1318
-2.9549424393349413,1319
-3.6290904922934777,1320
-3.188633963946063,1321
-0.6953281548088097,1322
-1.243051800986156,1323
-5.352303105225503,1324
-2.917043341123679,1325
-1.5005166248114516,1326
-2.872099275428271,1327
-2.1443780939122377,1328
-2.308073412317696,1329
-2.0100186422086077,1330
-2.252229203217692,1331
-4.775524067885394,1332
-4.6359887232681585,1333
-4.305670701477245,1334
-5.8562598066656,1335
-5.862016549607694,1336
-4.887687314359015,1337
-4.1148215822488,1338
-3.8000591355032376,1339
-4.632636444600701,1340
-4.598366238711198,1341
-5.661325559819183,1342
-2.950985837384634,1343
-4.47617991061213,1344
-4.003050597571536,1345
-4.455383512343264,1346
-6.112263867590311,1347
-3.5963270609061495,1348
-5.025786323064782,1349
-5.6218298370454605,1350
-4.820702943689289,1351
-4.9673460688941535,1352
-5.448228233516214,1353
-5.309688419161276,1354
-3.7447156074777936,1355
-5.720675608543782,1356
-4.801100401954433,1357
-2.984317068052814,1358
-6.289727575134313,1359
-3.5503445891783265,1360
-3.006489332123129,1361
-4.637063200805725,1362
-3.3467673290152566,1363
-3.6354152511475566,1364
-4.244295509940124,1365
-4.041447991407179,1366
-2.0352248121453753,1367
-1.6711586633054818,1368
-2.7820015097329365,1369
-4.954656527772253,1370
-2.079715702388127,1371
-2.421646903204406,1372
-2.895027920395588,1373
-2.1176145289688657,1374
-3.307174476848836,1375
-2.0716606633446157,1376
-1.4146045192968502,1377
-1.9036061935013717,1378
-3.7430673849996716,1379
-4.484533366806447,1380
-4.398734516601776,1381
-4.351202979433451,1382
-6.325816753355586,1383
-2.9250160984945355,1384
-4.729170894273027,1385
-5.039733819150345,1386
-4.667766150105436,1387
-4.481561895749634,1388
-4.176951510800693,1389
-3.6312896987973122,1390
-4.762172083958298,1391
-4.235086205864429,1392
-4.704216993417417,1393
-4.047853452886389,1394
-4.437550535298727,1395
-5.320268820320533,1396
-2.8566948028599843,1397
-5.675624750216202,1398
-3.657329636789356,1399
-4.6227545586214935,1400
-5.386658469330044,1401
-4.096550291512786,1402
-3.3506133222761574,1403
-3.393889073059436,1404
-2.481136833021591,1405
-4.389424177468807,1406
-4.278227748486982,1407
-5.14835247977409,1408
-4.78626797258842,1409
-4.6426331659596345,1410
-4.6939092954319115,1411
-4.900483569049838,1412
-3.798521308647919,1413
-3.61818806436387,1414
-3.93721296312638,1415
-3.889535212845824,1416
-2.4581394695816545,1417
-1.9046608623627646,1418
-3.999311525184763,1419
-3.0044725432714054,1420
-3.178060665108089,1421
-3.399427856418829,1422
-3.1163320297521717,1423
-2.5720392897884397,1424
-2.3979181917406125,1425
-2.760940459994455,1426
-2.942495619745717,1427
-2.601533003625155,1428
-1.864629709635718,1429
-2.83880594316555,1430
-2.7585946510420163,1431
-3.187337678610742,1432
-1.0248536223230613,1433
-2.8090568311999355,1434
-3.3869616718382556,1435
-2.8496864174825376,1436
-3.7110112861992812,1437
-4.0243938734310625,1438
-3.5497057416469113,1439
-3.0385348979428053,1440
-2.5145045713836063,1441
-4.43568296535402,1442
-2.628453493774922,1443
-1.536366586900194,1444
-1.6191636669133054,1445
-4.382609878904146,1446
-4.205173156381018,1447
-4.507998927182096,1448
-2.97504391222107,1449
-4.10633594186779,1450
-4.085959667614359,1451
-4.14279872240865,1452
-3.667873576950245,1453
-4.1602750252907645,1454
-3.5550165287745323,1455
-4.119118930011407,1456
-2.8636248298433684,1457
-4.135148201550165,1458
-3.2945803618626455,1459
-4.707583006445134,1460
-4.176749972124147,1461
-4.179105843926128,1462
-4.487193562472987,1463
-3.0703791982881334,1464
-5.363764208720099,1465
-4.076376394669686,1466
-3.9845357336031753,1467
-4.330673181672679,1468
-3.01685173983916,1469
-4.326022523562928,1470
-4.4575986138703865,1471
-3.2944401669233376,1472
-6.136334030819296,1473
-5.867529252967309,1474
-5.6765296313005305,1475
-6.320176668597007,1476
-4.699453463655906,1477
-5.554552360020593,1478
-4.49607946372215,1479
-4.617127442635248,1480
-2.9829138020450605,1481
-3.65201739342651,1482
-4.346648709633586,1483
-2.539655515838205,1484
-4.300525283979236,1485
-3.3227170418902583,1486
-3.583960239448354,1487
-3.060315369899813,1488
-1.6477108665185716,1489
-2.570270747643566,1490
-3.493216130047364,1491
-2.4067289447453897,1492
-2.3822049517266874,1493
-2.6173830235767173,1494
-2.2165777800723316,1495
-3.071423292761227,1496
-2.325195396421157,1497
-1.3754757692092139,1498
-1.5866946176072902,1499
-3.3935792979879986,1500
-5.209837915616693,1501
-5.014133710458243,1502
-5.885934700281769,1503
-3.025507235232839,1504
-5.426233791904848,1505
-5.009589846985911,1506
-5.232208135703349,1507
-5.457365723660024,1508
-4.100160831595123,1509
-4.270976191899784,1510
-5.1380602086395175,1511
-5.55742248774017,1512
-5.5030317009455665,1513
-4.142801823370023,1514
-4.953854720526229,1515
-5.2398854424990535,1516
-5.917650035549556,1517
-6.296965317386079,1518
-3.8358157875632672,1519
-4.180598123370304,1520
-6.441181667476682,1521
-3.7423237118755663,1522
-7.3004055478248695,1523
-4.898541647196841,1524
-3.5671470742959777,1525
-4.625447184752624,1526
-5.08165496446495,1527
-4.089907555330424,1528
-4.768226577085429,1529
-6.726642759364793,1530
-5.158880268935181,1531
-4.090732327488649,1532
-4.624508547217282,1533
-3.902251734663045,1534
-5.084328465182145,1535
-4.3682218136744675,1536
-4.789768584159231,1537
-3.680975710426595,1538
-5.722748207881936,1539
-5.178709158092171,1540
-3.3718630248074297,1541
-4.655464401133213,1542
-1.5588969355682147,1543
-4.930154687102032,1544
-3.64476006677722,1545
-3.4896262800864477,1546
-2.747514565022848,1547
-5.57115660891056,1548
-4.386799020342457,1549
-3.4593672478895874,1550
-2.284230606057224,1551
-5.1251832708886385,1552
-6.555938995373574,1553
-5.937937057063689,1554
-5.393094864305729,1555
-4.96479585609998,1556
0.09758241964683956,1557
-0.3892873086480457,1558
0.4190093825339125,1559
-0.9182098819986382,1560
1.1436110878883328,1561
0.4689122192329147,1562
0.5590023257505394,1563
-1.4339911491035666,1564
-1.1038383832183687,1565
-1.2923838143819224,1566
-0.6057980867509243,1567
-0.9661235090484395,1568
-0.7141039026570759,1569
-0.4554333166136626,1570
0.5737850688170525,1571
-0.24950731402744664,1572
0.2743666349776115,1573
-0.028394056115096156,1574
0.10553987650991026,1575
0.46133548290272586,1576
0.35353559938799917,1577
